Text,Model Name,P2,P3,P4,P5,P6,Topsis Scores,Rank
2,facebook/bart-large-cnn,0.388235294117647,0.25,0.2705882352941176,0.2470588235294117,0.0242861243716839,0.0,5
2,philschmid/bart-large-cnn-samsum,0.3999999999999999,0.2619047619047619,0.3529411764705882,0.3647058823529411,0.0246356548367945,0.23511184918605185,4
2,Falconsai/text_summarization,0.4581005586592178,0.327683615819209,0.3687150837988826,0.4022346368715083,0.0721669961214752,0.7049196645358224,2
2,sshleifer/distilbart-cnn-12-6,0.4972972972972973,0.3497267759562841,0.4756756756756756,0.4756756756756756,0.0853024711562076,1.0,1
2,knkarthick/MEETING_SUMMARY,0.3953488372093023,0.2588235294117647,0.3488372093023256,0.3720930232558139,0.0355075997502452,0.2903603522999511,3
