Text,Model Name,P2,P3,P4,P5,P6,Topsis Scores,Rank
3,facebook/bart-large-cnn,0.3745019920318724,0.3293172690763052,0.3585657370517928,0.3585657370517928,0.0256386960654925,0.5448020711447448,4
3,philschmid/bart-large-cnn-samsum,0.3968871595330739,0.3215686274509804,0.3501945525291828,0.3657587548638132,0.0340209712037262,0.6650428605808874,2
3,Falconsai/text_summarization,0.36144578313253,0.3481781376518218,0.36144578313253,0.36144578313253,0.0308318573511261,0.6267695793512081,3
3,sshleifer/distilbart-cnn-12-6,0.4031007751937984,0.359375,0.3953488372093023,0.3953488372093023,0.0510088940380632,1.0,1
3,knkarthick/MEETING_SUMMARY,0.3107569721115537,0.1606425702811245,0.2071713147410358,0.2231075697211155,0.0098962112558928,0.0,5
