Text,Model Name,P2,P3,P4,P5,P6,Topsis Scores,Rank
1,facebook/bart-large-cnn,0.1666666666666666,0.0575916230366492,0.1145833333333333,0.1197916666666666,7.339044923366604e-82,0.148828507907114,4
1,philschmid/bart-large-cnn-samsum,0.2046035805626598,0.1439588688946015,0.1687979539641943,0.1841432225063938,0.0007625907179933,0.7457399617008308,2
1,Falconsai/text_summarization,0.1927083333333333,0.1361256544502617,0.1770833333333333,0.1822916666666667,0.0003531993430556,0.5123866709747698,3
1,sshleifer/distilbart-cnn-12-6,0.2193877551020407,0.1846153846153846,0.1836734693877551,0.2193877551020407,0.0010182904879418,1.0,1
1,knkarthick/MEETING_SUMMARY,0.1372031662269129,0.0689655172413793,0.0791556728232189,0.0791556728232189,2.8305685727977527e-82,0.03762878102897143,5
